{
  "price_mean": 9.469007495843847,
  "price_std": 3.4672621837604756,
  "price_min": -0.9337055833333332,
  "price_max": 23.8180623125,
  "demand_mean": 27910.471031451565,
  "demand_std": 5711.589913555055,
  "demand_min": 16513.0,
  "demand_max": 46863.0
}