{
  "best_eval_reward": 90.84978584449387,
  "total_steps": 347520,
  "final_buffer_size": 100000,
  "eval_rewards": [
    49.40190097355238,
    48.55782219530013,
    70.97928509816458,
    43.99998144181185,
    45.27541802155411,
    40.614849147134684,
    45.235651267533264,
    46.07366378075444,
    42.0389225414804,
    40.83809277621805,
    78.15208220769162,
    42.35571736747119,
    45.67065320299385,
    46.708204925385964,
    42.413076862708785,
    43.58281499890909,
    45.93152901498212,
    41.585671684544536,
    60.435369421182514,
    45.56972633930355
  ],
  "completed": "2025-11-23T23:47:21.171746"
}