{
  "total_reward": -3600570.6830196334,
  "avg_reward_per_day": -6991.399384504142,
  "total_revenue": 128970.46038524147,
  "violation_rate": 0.7861245954692556,
  "num_days": 515,
  "num_violations": 19433
}