{
  "episode": 100,
  "rewards": [
    135.81337210291775,
    278.55282993136336,
    614.0199930197405,
    -751.5814143073276,
    -675.7576134304747,
    -406.5624629204128,
    139.40814637792195,
    442.9559909345551,
    451.16056528106157,
    850.8633852853789,
    535.7735657116001,
    380.3573163483437,
    615.0017497299431,
    301.4877678457146,
    -742.0415629723083,
    -2617.000746844965,
    -3011.8894843817084,
    -2420.797003513095,
    -938.8056761412449,
    367.64936349087895,
    987.5947002780624,
    910.567784121809,
    1201.4010053541235,
    557.5399821978218,
    261.8639683391391,
    -21.981209822504304,
    101.07825199105531,
    -245.31403116081816,
    -125.91523866719461,
    -395.63708477717813,
    -44.84210504767313,
    118.42671579494444,
    -47.96122545336655,
    -262.6288217948609,
    -28.060815819668093,
    -713.1026341053239,
    -618.7471685327881,
    -126.59839002893192,
    -428.73133632857747,
    95.89968402196558,
    -697.3258949719726,
    -390.8985935594836,
    -666.9047900363402,
    -270.25176413194913,
    -272.21828938963176,
    -357.14433820818925,
    99.37734219494207,
    223.97737365486216,
    -250.082457740162,
    875.1346099726857,
    840.491522977356,
    306.6360958920798,
    229.41875595881575,
    253.37198582075737,
    1443.2301158564694,
    1223.259466719049,
    747.8198108008316,
    962.7703201184784,
    1131.7577106865924,
    800.049429324111,
    159.5712349279313,
    961.0631415025049,
    91.98862085424044,
    121.24486533768498,
    222.2235361197125,
    66.64861248035506,
    193.73277090813738,
    82.60927925461299,
    152.84086243649,
    -73.31324982798407,
    220.61004112047098,
    -89.75953266476873,
    -318.4079203089707,
    -167.70207510207928,
    -624.3561945761592,
    -562.0180680893644,
    -1040.666023112164,
    -1194.8584964692072,
    -965.0783657890588,
    -1487.6624797201534,
    -1119.02791703582,
    -353.6207169623626,
    -353.32102452231015,
    -174.368515466099,
    -35.74999259810636,
    -553.415931824716,
    -377.09202840340697,
    -188.0582020678403,
    -239.76893305693645,
    -124.78793065585322,
    -153.1164185838354,
    -216.78531169117508,
    -133.1888662141227,
    -33.02744709343126,
    -16.321316084789636,
    -331.6295735090756,
    -388.0366508452646,
    -256.6278625117094,
    -232.77471901893898,
    216.98572177595963
  ],
  "economic_rewards": [
    313.0588196479324,
    481.7479548035129,
    774.0378403375424,
    -506.5722028317922,
    -449.52064561139804,
    -164.354008043338,
    392.8819263911842,
    673.5990234450763,
    684.57344831514,
    1020.9932518122811,
    731.0939784751278,
    522.6209399890298,
    794.6447546365703,
    523.9224065486255,
    -592.8485334624241,
    -2380.803651343253,
    -2752.6803595098017,
    -2168.2816911768964,
    -725.773316827944,
    612.4535662231539,
    1226.6168003232842,
    1107.3061701181357,
    1386.059734681014,
    731.7939774616146,
    437.457265982853,
    140.17013711024762,
    281.4492526526152,
    -84.08572743475179,
    -3.571215037159945,
    -225.32932692319673,
    100.31271946161013,
    231.56703060435353,
    140.2543961040547,
    -119.24165750575553,
    77.43998933708399,
    -532.3467071439154,
    -514.2996343384651,
    9.12775719387093,
    -261.2692409948853,
    217.5824641301872,
    -517.8925682901614,
    -259.8278696498838,
    -491.7837224944222,
    -141.09387382980867,
    -137.1001800252431,
    -216.09044832934183,
    237.6627939967982,
    357.46049877155133,
    -98.62910496271164,
    1048.7614235328285,
    1029.0326925563463,
    532.1735571151066,
    482.56769216488493,
    515.587739839731,
    1721.870250356132,
    1508.2877953543248,
    1032.6347369025884,
    1246.2054667597527,
    1412.1074795350146,
    1067.4622239357666,
    435.5748849883488,
    1222.4688261957433,
    331.1994460843508,
    337.2928782659428,
    408.9313293306658,
    258.4323821691393,
    380.86634261611215,
    260.279329173333,
    338.7910260487459,
    116.13044854055396,
    424.269235813812,
    76.42933353942831,
    -113.34638887420502,
    33.471538066584735,
    -405.82871062052646,
    -368.6051795164056,
    -849.7675327617868,
    -1011.513442444416,
    -759.1772181024852,
    -1294.7474284712457,
    -923.6124856132776,
    -188.8291377057867,
    -177.21018560488298,
    -53.40110005342865,
    100.94651171564118,
    -354.75714870554964,
    -178.3994804100396,
    -78.7388597411566,
    -136.25234558142256,
    25.954320401694364,
    -16.573086835268185,
    -122.16789417695738,
    54.432724848219195,
    68.6945602978346,
    112.39371729805467,
    -165.93965935098086,
    -213.13210321343178,
    -87.05965132754814,
    -76.33504884476815,
    382.68040816754666
  ],
  "stability_rewards": [
    -4236.132183422621,
    -4239.723514147424,
    -4261.158502307846,
    -4202.094556301369,
    -4185.591130412722,
    -4188.811495174173,
    -4225.946162240187,
    -4266.028294906903,
    -4219.992538314906,
    -4255.8931034201405,
    -4208.709716285605,
    -4206.990204788044,
    -4219.928737321737,
    -4220.760570236993,
    -4125.536214811613,
    -4235.887085170573,
    -4303.052554519087,
    -4241.484222129367,
    -4179.059528664185,
    -4271.793210058315,
    -4378.816970562411,
    -4311.518274968743,
    -4351.750514811789,
    -4274.01415450771,
    -4185.549685504649,
    -4200.607098717399,
    -4216.752373900802,
    -4184.796840000802,
    -4159.668869864706,
    -4216.720158232614,
    -4248.4309263234545,
    -4179.751638144259,
    -4256.132847045663,
    -4206.545769413639,
    -4248.373158903696,
    -4274.2968277636255,
    -4206.98903436415,
    -4273.412464339859,
    -4407.422414694169,
    -4380.933573802266,
    -4240.821864026443,
    -4339.420397780076,
    -4358.47427046248,
    -4335.5296951989685,
    -4232.170836082509,
    -4300.786578975203,
    -4383.574923626469,
    -4279.349514801837,
    -4436.234381842597,
    -4451.255814089917,
    -4391.117959862653,
    -4291.316374615293,
    -4325.633444678709,
    -4269.495103349502,
    -4277.284656656293,
    -4323.169493217045,
    -4221.0350849235465,
    -4229.287403090833,
    -4241.759429482316,
    -4249.014583572968,
    -4243.207267097233,
    -4312.657214674702,
    -4226.695269094459,
    -4353.810311946342,
    -4255.059251301622,
    -4288.081126762424,
    -4405.862500560137,
    -4368.480240620423,
    -4246.581929959337,
    -4247.821318591485,
    -4375.1048102405575,
    -4404.0421093796185,
    -4255.56722741053,
    -4262.933907645044,
    -4311.974503554213,
    -4313.475676167905,
    -4288.997207799035,
    -4318.081483393609,
    -4277.10276480361,
    -4352.125118328003,
    -4311.999683573505,
    -4197.04585429925,
    -4278.415468454066,
    -4173.426281360379,
    -4230.386726493275,
    -4239.8072059283495,
    -4263.362868340857,
    -4262.493975045243,
    -4295.42680101767,
    -4253.377671843041,
    -4384.473979482966,
    -4219.331440118716,
    -4366.714413015101,
    -4212.022797245245,
    -4204.017923364061,
    -4249.512713639642,
    -4257.565111254115,
    -4246.324397160619,
    -4290.22362823156,
    -4282.3433367535135
  ],
  "timestamp": "2025-11-22T17:09:31.056036"
}