{
  "episode": 200,
  "rewards": [
    135.81337210291775,
    278.55282993136336,
    614.0199930197405,
    -751.5814143073276,
    -675.7576134304747,
    -406.5624629204128,
    139.40814637792195,
    442.9559909345551,
    451.16056528106157,
    850.8633852853789,
    535.7735657116001,
    380.3573163483437,
    615.0017497299431,
    301.4877678457146,
    -742.0415629723083,
    -2617.000746844965,
    -3011.8894843817084,
    -2420.797003513095,
    -938.8056761412449,
    367.64936349087895,
    987.5947002780624,
    910.567784121809,
    1201.4010053541235,
    557.5399821978218,
    261.8639683391391,
    -21.981209822504304,
    101.07825199105531,
    -245.31403116081816,
    -125.91523866719461,
    -395.63708477717813,
    -44.84210504767313,
    118.42671579494444,
    -47.96122545336655,
    -262.6288217948609,
    -28.060815819668093,
    -713.1026341053239,
    -618.7471685327881,
    -126.59839002893192,
    -428.73133632857747,
    95.89968402196558,
    -697.3258949719726,
    -390.8985935594836,
    -666.9047900363402,
    -270.25176413194913,
    -272.21828938963176,
    -357.14433820818925,
    99.37734219494207,
    223.97737365486216,
    -250.082457740162,
    875.1346099726857,
    840.491522977356,
    306.6360958920798,
    229.41875595881575,
    253.37198582075737,
    1443.2301158564694,
    1223.259466719049,
    747.8198108008316,
    962.7703201184784,
    1131.7577106865924,
    800.049429324111,
    159.5712349279313,
    961.0631415025049,
    91.98862085424044,
    121.24486533768498,
    222.2235361197125,
    66.64861248035506,
    193.73277090813738,
    82.60927925461299,
    152.84086243649,
    -73.31324982798407,
    220.61004112047098,
    -89.75953266476873,
    -318.4079203089707,
    -167.70207510207928,
    -624.3561945761592,
    -562.0180680893644,
    -1040.666023112164,
    -1194.8584964692072,
    -965.0783657890588,
    -1487.6624797201534,
    -1119.02791703582,
    -353.6207169623626,
    -353.32102452231015,
    -174.368515466099,
    -35.74999259810636,
    -553.415931824716,
    -377.09202840340697,
    -188.0582020678403,
    -239.76893305693645,
    -124.78793065585322,
    -153.1164185838354,
    -216.78531169117508,
    -133.1888662141227,
    -33.02744709343126,
    -16.321316084789636,
    -331.6295735090756,
    -388.0366508452646,
    -256.6278625117094,
    -232.77471901893898,
    216.98572177595963,
    -49.28800500429283,
    343.29369731687683,
    499.7376395775145,
    144.61937542544985,
    343.10197065080825,
    70.52808334699775,
    329.47115713555803,
    66.27719253656211,
    254.9635853151368,
    -44.92418877436432,
    622.8992129895081,
    233.7980347715764,
    631.2350760247786,
    338.8008108864329,
    636.5015676338535,
    -22.29713663290062,
    -394.8338953852824,
    -283.15012193610573,
    483.79927439067694,
    418.91603013480284,
    -92.97614378722535,
    -382.1918342013632,
    -100.62952951415618,
    -368.96523293019584,
    -1271.7406305878633,
    -367.4066742451207,
    -307.4823202987141,
    -109.49924080968947,
    131.26804787343104,
    -458.4998988264362,
    -493.1557087873912,
    -109.38514377684172,
    -239.48506081080592,
    -460.9252426108119,
    -889.7584666461864,
    -628.9321289185904,
    -1260.1264749113063,
    -2711.1296048741747,
    -2956.1565424737278,
    -3922.1346855273086,
    -5065.972376020646,
    -4740.618900453275,
    -2909.8656132542837,
    -1354.1541965185413,
    -466.50949099492965,
    -397.3656268309776,
    -699.106300794543,
    -381.28550987771473,
    -538.2296119142461,
    -109.34605830468315,
    -457.9348773777604,
    -313.8229281282925,
    -150.4734687561216,
    -149.61315910966044,
    -237.05193502408764,
    -317.824150927373,
    -400.4534165622298,
    -679.6914155282609,
    -228.00002025733866,
    -66.63599209329365,
    -458.3064628131717,
    162.77340673096947,
    2024.230464623255,
    4118.671213143965,
    5406.343098596494,
    6120.552675779283,
    6026.558199481501,
    5115.887940042018,
    6355.6576129896375,
    4019.593883773794,
    3714.5389089447967,
    3608.392111754551,
    2580.962406939326,
    723.5203969825593,
    1067.8255729371501,
    221.3546584065093,
    -875.709430318577,
    -734.2105309923768,
    -262.6303494004949,
    -293.29307565443827,
    -675.5552426796096,
    -386.1044171338761,
    -720.9918797778698,
    202.46999916689725,
    -216.95428964331012,
    -518.7735581488107,
    -691.5595389225425,
    -827.0313675374803,
    -862.4677097114713,
    -1945.8328168627293,
    -1366.4277916804517,
    -1591.028053936643,
    -1962.914728581656,
    -889.9925522523297,
    -1746.0846666072866,
    -647.104716238662,
    -1165.7438852905304,
    -492.4189954532755,
    -470.46331199547615,
    -1152.6126717457996
  ],